KUL,AUH
KUL,PER
KUL,MFM
KUL,AMS
KUL,PEN
AUH,DME
AUH,MUC
AUH,PEW
ABQ,ATL
ABQ,LAS
ABQ,ORD
ATL,MEX
ATL,IAH
ATL,BNA
ATL,CMH
ATL,TUL
ATL,CAK
ATL,DEN
ATL,FLL
ATL,BHM
ATL,MCO
ATL,SNA
ATL,BWI
MEX,ZLO
MEX,TAM
SIN,PER
SIN,SUB
SIN,CGK
SIN,CRK
PER,LEA
PMI,BIO
PMI,SVQ
PMI,CRL
PMI,MAD
BIO,ALC
BIO,LHR
BIO,SCQ
BFS,ALC
ALC,BLL
ALC,MST
ALC,ORN
SJO,MIA
SJO,PMZ
MIA,LRM
MIA,MSY
MIA,LAX
MIA,IAH
MIA,CCS
MIA,DEN
LJU,IST
IST,JIB
IST,MCT
IST,RUH
IST,ADB
CKG,HAK
CKG,YIH
CKG,XNN
CKG,URC
LED,ICN
LED,OVB
LED,EVN
LED,UGC
LED,PEE
ICN,HKG
ICN,LAX
MHK,DFW
DFW,TXK
DFW,GRK
DFW,PHL
GSP,CLE
CLE,DCA
CLE,FKL
ULV,SVX
SVX,DYU
SVX,DME
DLC,HGH
DLC,JMU
HGH,XIY
HGH,KWL
HGH,CTU
HGH,SJW
HGH,LJG
BON,AMS
AMS,IAD
AMS,BHX
PVG,SEA
PVG,MYJ
PVG,JFK
PVG,YCU
PVG,CTU
SEA,KTN
SEA,SFO
DYU,UFA
DYU,OVB
JED,IAD
JED,KAN
IAD,GUA
STN,PRG
STN,ACE
STN,BGY
STN,KUN
STN,SSH
PRG,CPH
PRG,GYD
PRG,ORY
VNO,FRA
VNO,MUC
VNO,CHQ
FRA,EBL
FRA,RHO
FRA,VRN
FRA,TUN
FRA,DOH
FRA,SAW
FRA,TPE
FRA,CLT
FRA,ZNZ
FRA,CTU
IAH,RTB
IAH,JAX
IAH,LAS
CAG,MUC
CAG,CUF
CAG,LUX
MUC,HER
MUC,ATH
MUC,VIE
MUC,SKG
DEL,BHX
DEL,IXC
DEL,KTM
DEL,COK
DEL,TPE
DEL,LKO
BCN,BOD
BCN,BRS
BCN,HAJ
BCN,JFK
BCN,PMO
STL,PHX
STL,DEN
PHX,TPA
PHX,LAX
JUH,SHA
SHA,NNG
SHA,HND
TYN,SYX
TYN,LHW
SYX,WNZ
SYX,SZX
ORK,LPA
LPA,SXF
LPA,BSL
CPH,ZAG
CPH,GVA
KIX,NRT
KIX,YNT
NRT,AKL
NRT,LAX
ACE,NCL
DME,MRV
DME,NCE
DME,FRU
DME,AKX
DME,VIE
WNZ,WUH
WNZ,DAD
WNZ,CAN
WNZ,TAO
WUH,TPE
WUH,URC
WUH,KMG
XIY,INC
XIY,URC
XIY,CSX
XIY,DSN
XIY,CTU
JFK,TXL
JFK,CCS
JFK,CLT
JFK,SYR
JFK,GND
CCS,BLA
CCS,PZO
PEK,TPE
PEK,ALA
PEK,DXB
PEK,KJA
TPE,WUX
TPE,DPS
YCU,TAO
RYG,CHQ
XMN,MFM
XMN,TNA
MFM,JJN
HER,TXL
CLT,LAX
CLT,ALB
LAX,PHL
LAX,HOU
LAX,BOS
LAX,FLL
LAX,PDX
LAX,ELP
AUS,MCO
AUS,SAN
MCO,BHM
MCO,BWI
MCO,ORH
MCO,NAS
DDC,LBL
LBL,DEN
CMH,DEN
ISG,HND
HND,HKD
RHO,LGG
HAJ,SKG
SUV,AKL
SUV,VBV
ATH,LCA
ATH,BUD
KWL,CAN
YNT,HFE
TAO,SJW
TAO,NGB
TAO,JNZ
SJW,BAV
SJW,HET
SVQ,GVA
SVQ,LCG
KMG,CSX
KMG,DLU
KMG,CGO
KMG,LJG
KMG,JHG
CSX,WUX
CSX,HFE
CSX,TSN
BOH,TFS
TFS,OSL
TFS,LEJ
ORN,AZR
ORN,LIL
ORN,FCO
CAN,PEN
CAN,HYN
TCG,URC
URC,AAT
URC,KHG
URC,LHW
URC,OSS
LIS,LHR
LIS,SXF
LIS,BVC
LHR,IBZ
LHR,BUD
LHR,BHD
LHR,LIN
LHR,HYD
LHR,BWI
LHR,ZRH
LHR,YHZ
HEL,GVA
HEL,LGW
HEL,TAY
GVA,RUH
GVA,FCO
GVA,EWR
LXA,CTU
CTU,XIC
CTU,CGO
CTU,XNN
INC,CGQ
INC,HKG
GRZ,VIE
GRZ,AYT
VIE,AYT
VIE,ODS
VIE,MXP
VIE,AGP
VIE,ORD
TPA,MEM
TPA,HOU
BOS,STI
BOS,PHL
PHL,CAK
PHL,GLA
AYT,LGW
DXB,BEG
DXB,AHB
LGW,TRF
LGW,CTA
LGW,UVF
CAL,GLA
GLA,GDN
TUN,BEN
TUN,BLQ
OSL,ZRH
OSL,TRD
OSL,RAK
SZX,NNG
NNG,CGO
ZRH,MCT
ZRH,FNC
ZRH,DBV
RUH,KRT
RUH,AHB
IBZ,ORY
RZE,FCO
RZE,MAN
FCO,HAM
FCO,AGP
BUD,MXP
DEN,GRR
DEN,SFO
DEN,SHV
SWA,HFE
MAA,COK
CTA,CGN
BOI,SAN
SAN,SMF
DPS,JOG
LCA,AMM
NCE,BRU
HKG,NGO
HKG,MRU
HKG,CRK
BGY,LBC
YHZ,YYT
FLL,KIN
MSY,EWR
CRL,TRN
MAD,SXB
SXB,ADB
LAS,OAK
LAS,MCI
CGQ,KHN
DOH,EBB
DOH,CGK
DOH,LOS
DOH,HBE
CGK,UPG
SFO,DCA
SFO,ORD
DCA,BGR
EWR,MAN
EWR,XNA
TRN,AHO
TRN,IAS
MAN,PUJ
UPG,PLW
MRU,RUN
SAW,VAS
IND,MCI
BSL,NAP
